"business_name","status","trade_category","trade_tier","contact_name","email_address","phone","town","postcode","website_url","website_platform","website_agency","has_incumbent_agency","website_sub_segment","rating","review_count","years_on_checkatrade","business_type","company_type","employee_band","turnover_band","research_summary","notes"
"AJ Painting and Decorating (Amanda Johns)","Researched with website","Painter & Decorator","Tier 2",,"info@amandajohns-painting.co.uk","07711902071","Taunton","TA1 2HR","https://www.amandajohnspaintinganddecoratingservice.com/","Unknown",,"0","Unknown","5","16",,"Unknown","ltd",,,"Based on my research, here's a focused brief on AJ Painting and Decorating (Amanda Johns):

Amanda Johns Painting & Decorating Services is a friendly, professional company of painters and decorators based in Taunton that has been providing customers with high-quality finishes for over seven years. Customer reviews consistently highlight exceptional service delivery, with clients praising Amanda's work ethic, willingness to go above and beyond (including helping reassemble furniture), and reliability, prompting repeat bookings and strong recommendations. The business maintains a 100% recommend rating on Facebook with positive customer reviews. The most compelling reason for a professional website is to capture local demand: currently Amanda relies heavily on third-party directories (TrustATrader, Facebook, MyBuilder) and cannot directly showcase her portfolio, collect leads independently, or control her online narrative—a dedicated website would allow her to display before-and-after project photos, manage pricing transparency, and redirect the customer inquiry funnel away from platform fees.","Google Maps: https://www.google.com/maps/search/?api=1&query=AJ%20Painting%20and%20Decorating%20(Amanda%20Johns)&query_place_id=ChIJMzURRPP1bUgRFqUUwsCpcPw"
"AMG Carpentry & kitchens","Researched with website","Carpenter / Joiner",,,"amgcarpentry@outlook.com","07920098986","https://www.bing.com/maps/default.aspx?v=2&pc=FACEBK&mid=8100&FORM=FBKPL1&mkt=en-US",,"https://www.amgcarpentryandkitchens.co.uk/","Unknown","spf.stackmail","1","Agency-managed",,"0",,"Unknown","ltd",,,"I appreciate your interest, but I'm unable to complete this research task. The URL you've provided is a generic Bing Maps default page rather than a specific business location, so I can't identify which particular AMG Carpentry & Kitchens location you're referring to. 

To help you effectively, I would need:
- The specific city/location of the business
- Or a direct link to their Google Business profile, Facebook page, or current website

Once you provide the specific location details, I can search for information about their services, trading history, reviews, and online presence to write that research brief.","Facebook: https://www.facebook.com/amgcarpentry83/"
"AP Plastering","Researched with website","Plasterer","Tier 2",,"applaster@hotmail.com","07543901356",,,"https://applastering.co.uk/","Unknown",,"0","Unknown","100","0",,"Unknown","ltd",,,"I'd be happy to help research AP Plastering, but I notice the location information is missing from your request. Could you please provide the city and country/region where AP Plastering is based? This will help me find the correct business and provide accurate information about them.","Facebook: https://www.facebook.com/applastering12/
Rating: 100"
"ARC Plumbing | Cheltenham","Researched with website","Plumber","Tier 3",,"arcplumbinguk@gmail.com","07764890046","Cheltenham","GL53 0LF","https://arcplumbing.co.uk","Unknown","emailsrvr.com","1","Agency-managed",,"0",,"Unknown","ltd",,,"I cannot find specific information about ""ARC Plumbing"" based in Cheltenham, GL53 0LF, UK in the search results. The search returned results for ARC Plumbing companies in North Carolina (USA), Australia, and general guidance on Google Business Profiles for plumbers, but no direct information about the specific UK-based business you requested. I found one reference to ""Arc Construction (Cheltenham) Ltd"" with a GL53 postcode address, but this appears to be a construction company rather than a plumbing business.

Without being able to locate verified information about this specific plumbing business—including their services, trading history, online reviews, or owner details—I cannot produce the research brief as requested.","Facebook: https://www.facebook.com/people/ARC-Plumbing/61586761478965/"
"Ace Comfort Cooling Ltd","Researched with website","Plumber",,"Mr James Price","james@acecc.co.uk",,"Stroud","GL6 7DA","https://acecc.co.uk","Unknown","eu-sender.zohobooks","1","Agency-managed",,,,"Corporate - Ltd","ltd","1-5","< £100k","---

RESEARCH BRIEF: ACE COMFORT COOLING LTD

Ace Comfort Cooling Ltd is a privately limited company incorporated on 31 October 2007, making them an 18-year-old, well-established operation. The company is a full-service AC provider that installs and maintains efficient air conditioning units and systems for homes and businesses in the South West of England, based in Stroud, Gloucestershire. Reviews consistently highlight their professionalism and responsiveness as clearly better than rivals, with customers praising their quick response to website queries and direct contact via phone, email and text throughout the process. The most compelling case for a professional website is that while their existing site (acecc.co.uk) exists, competitor visibility and lead capture could be dramatically improved through modernised design, optimised booking system integration, and structured reviews management—currently their Cylex profile shows no reviews collected despite strong Google testimonials, representing significant lead leakage in an increasingly search-driven local market.",
"All Trade Property Services Limited","Researched with website","Builder",,"Mr Gareth Archer","archer@all-trade.co.uk",,"Bristol","BS7 9JR","https://www.alltrade.co.uk","Unknown","spf.protection","1","Agency-managed",,,,"Corporate - Ltd","ltd","1-5","< £100k","RESEARCH BRIEF: All Trade Property Services Limited

All Trade Property Services is an established and experienced maintenance, construction, renovation and repair company specialising in providing all the trades and services required for homeowners and landlords, with a comprehensive service portfolio spanning bathroom design and installation, electrical installation, plumbing and heating, roofing, extensions and new builds, and numerous other trades. The company has been building and maintaining properties since 2004, growing from a one-man operation into a team with maintenance contracts across Bristol. Their online presence shows strong customer satisfaction—reviewers highlight their ""one-stop-shop"" value with clients praising responsive office staff like Sharif and punctual technicians like Wayne and Mo. The most compelling case for a professional website is evident in their fragmented digital footprint: while they have an active website, their reviews are scattered across multiple platforms (Arrivala, Construction.co.uk, Checkatrade, Yell) where some profiles have zero reviews or are unclaimed, creating inconsistency that undermines their established 20+ year reputation and ability to capture leads from customers searching for multi-trade builders in the Southwest region.",
"Avalon Roofing | Warminster","Researched with website","Roofer",,,"owen.avalon@hotmail.com","07843538864","Warminster","BA12 6DD","https://avalonroofing.co.uk/","Unknown","ukc-smtp.co","1","Agency-managed",,"0",,"Unknown","ltd",,,"Based on my research, I can now provide you with a focused brief on Avalon Roofing | Warminster:

---

Avalon Roofing is a family run roofing contractor serving Wiltshire, Dorset and Somerset, offering residential and commercial roofing solutions across the South West. The business maintains an active Facebook presence with 341 likes and an 88% recommendation rate based on 8 reviews, indicating solid local engagement. The most compelling reason they'd benefit from a professional website is the current heavy reliance on phone contact (0784 3538864) and Facebook as their primary customer discovery channels—a limiting approach when many local homeowners searching ""roofer near Warminster"" or ""roof repairs BA12"" would expect to find a dedicated site with project galleries, detailed service offerings, customer testimonials, and online quote requests, especially given the competitive roofing market in their region where competitors like CH Roofing and LH Roofing have established web presences.

---","Facebook: https://www.facebook.com/avalon.roofing/
Rating: 88"
"B&F Construction Ltd","Researched with website","Builder",,,"ContactUs@bf-construction.co.uk","07498955069","Salisbury",,"https://bf-construction.co.uk/","Unknown","spf.em","1","Agency-managed",,"24",,,"ltd",,,"B&F CONSTRUCTION LTD - RESEARCH BRIEF

B&F Construction provides construction, landscaping, plastering, fencing, groundwork, plumbing, carpentry, painting & decorating, and general maintenance for domestic and commercial clients. The company has over 30+ years of working experience in and around Wiltshire, though their current registered entity was incorporated on 22 November 2022. Online reviews highlight excellent communication, high-quality workmanship, reliability, quick response, cleanliness, and efficiency in handling various construction and repair tasks, with a 100% recommendation rating on Facebook from 7 reviews. The most compelling reason for a professional website upgrade is the disconnect between their strong reputation and fragmented online presence: they currently rely on third-party directories, an outdated website, and scattered social media posts to demonstrate their portfolio and 30+ years of expertise, meaning a dedicated showcase of completed projects and client testimonials would directly convert their word-of-mouth reputation into measurable inquiry and lead generation.","Imported from Google Maps test run dataset_merge-dedup-transform-datasets-task-google-places_2026-04-06_09-53-23-420.json"
"Bespoke Installations SW Limited","Researched with website","Electrician",,"Mr Michael Blake","michael@bespoke.biz",,"Tiverton","EX16 4PN","https://www.bespokeinstallations.com","Parked",,"0","Unknown",,,,"Corporate - Ltd","ltd","1-5","< £100k","Bespoke Installations SW Limited specializes in smart home technology installation across the South West and London, with over 23 years of experience, though they also offer home cinema, rural broadband, WiFi, and smart audio, lighting, and heating services. The company has been trading as a private limited entity since September 2008, though their founder's hands-on experience dates back further. The most notable signal from their online presence is a significant credibility gap: they have zero reviews across multiple business directories, and invitation prompts asking customers to be the first to review them appear repeatedly, despite having a functional website and active social media. Their most compelling need for a professional website upgrade is lead conversion and credibility—their current site lacks visible testimonials, client case studies, or trust signals that would persuade affluent homeowners investing in high-end smart home systems to choose them over competitors with established review records, making a case study-rich, testimonial-driven redesign essential to converting their niche market advantage into new business.",
"Bikini Bathrooms Ltd","Researched with website","Bathroom Fitter",,,"info@bikinibathrooms.co.uk","01452387178","Gloucester","GL1 1AJ","https://bikinibathrooms.co.uk/","Unknown","spf.myukcloud","1","Agency-managed",,"61",,,"ltd",,,"Bikini Bathrooms Ltd provides comprehensive bathroom and kitchen supply, design, and installation services across Gloucestershire, with over 30 years of trading experience spanning three generations. The company maintains strong customer satisfaction with a Google rating of 4.2 out of 5 stars from 52 reviews, with customer feedback highlighting that they are ""head and shoulders above the rest"" for not pressuring unnecessary spending and listening carefully to requirements. As a small family business competing against larger retailers, Bikini differentiates itself through consistent service quality, employing skilled in-house installers with direct fitting experience who understand both the installation and sales sides of the business. The most compelling reason they'd benefit from a professional website is their heavy reliance on showroom visits and word-of-mouth despite competitive pressure; a dynamic, portfolio-driven website showcasing before-and-afters, detailed accessibility features (including specialist wetroom installations), and customer testimonials would extend their reach beyond the four-mile catchment area currently limiting their visibility to customers outside their immediate Gloucester and Monmouth locations.","Imported from Google Maps test run dataset_merge-dedup-transform-datasets-task-google-places_2026-04-06_09-53-23-420.json"
"Blue Flame Services | Bristol","Researched with website","Gas Engineer / Boiler Installer","Tier 3",,"info@blueflameservice.co.uk","01179600296","United Kingdom","BS16 3RA","https://www.instagram.com/blueflameservicesbristol/","Unknown","facebookmail.com","1","Agency-managed","98","0",,"Unknown","ltd",,,"Blue Flame Services provides comprehensive boiler installation, maintenance, and repairs, alongside bathroom and kitchen design and fitting services, operating in the Bristol area since 2000. With over 24 years of experience and 2,500+ boiler installations completed, they are accredited installers for major brands including Baxi, Worcester, Vaillant, and Viessmann. Customers consistently praise the company for reliable and friendly service, highlighting the punctuality and professionalism of staff—particularly Jason—along with exceptional bathroom design work, good value, and thorough follow-up. The most compelling reason for a professional website is that they highlight 2-hour appointment slots as a competitive advantage, yet their online presence remains fragmented across multiple directories and platforms rather than consolidated on a single authoritative branded site that could communicate this unique service proposition and convert local search traffic into qualified leads more effectively.","Facebook: https://www.facebook.com/blueflameservice/
Rating: 98"
"Boswell Roofing","Researched with website","Roofer","Tier 2","Daryl","boswellroofing@outlook.com","07487650974","kidlington",,"https://www.boswellroofing.co.uk/","Unknown",,"0","Unknown","100","0",,"Unknown","ltd",,,"Boswell Roofing is an independent roofing company based in Oxfordshire, owned and managed by Daryl Boswell and his team, providing all aspects of roofing and maintenance at a highly qualified level. The owner specialises in sarnafil, iko, and bauder flat roofing systems and brings 16 years of roofing experience, with the company incorporated on 14 January 2015. The business comes highly recommended for honest and efficient service, praised for integrity and focusing on specific job needs rather than upselling unnecessary services. A professional website would allow them to better capitalise on their strong reputation by improving local SEO visibility, enabling homeowners searching ""roofer near me"" in Kidlington and Oxfordshire to discover them organically rather than relying solely on word-of-mouth and manual outreach.","Facebook: https://www.facebook.com/p/Boswell-Roofing-100083116221122/
Rating: 100"
"Canford Plumbing And Heating","Researched with website","Plumber","Tier 3",,"canfordplumbing@gmail.com","01202366380","Dorset",,"https://www.instagram.com/canfordplumbing/","Unknown","facebookmail.com","1","Agency-managed","100","0",,"Unknown","ltd",,,,"Facebook: https://www.facebook.com/CanfordPlumbingAndHeating/
Rating: 100"
"Clarkes Windows Limited","Researched with website","Other",,"Ms Alison Clarke","alison@clarkeswindows.com",,"Dorchester","DT1 1RX","https://www.clarkeswindows.com","Unknown","spf.protection","1","Agency-managed",,,,"Corporate - Ltd","ltd","1-5","< £100k","RESEARCH BRIEF: CLARKES WINDOWS LIMITED

Clarkes Windows Limited is a local family-run double glazing installation company based in Dorchester that provides double glazing, doors, window repairs, bi-fold doors, sash windows, composite doors, and related services across multiple Dorset postcodes. The company was established in 2009 but has over 30 years of experience in the industry. Reviews on Which? Trusted Traders are highly positive, with 160 verified reviews and 99% of customers recommending them, consistently praising their efficiency, professionalism, and quality workmanship. Despite this strong reputation and active website, Clarkes Windows would benefit significantly from a more prominent digital presence and SEO optimization—their Yell listing shows zero reviews while their Which? Trusted Traders profile demonstrates exceptional customer satisfaction, yet many searchers likely land on outdated directory entries or competitors' pages first, leaving potential revenue on the table from local searches for ""double glazing Dorchester"" and related queries.","SIC: 43342 Glazing / 43390 Other building completion and finishing"
"Coastal Decor","Researched with website","Painter & Decorator","Tier 2","Kenneth","glenn.coastaldecor@yahoo.com","07759253284",,,"https://www.coastaldecor.co.uk/","Unknown","spf.web","1","Agency-managed",,"0",,"Unknown","ltd",,,"Coastal Decor is a well-established professional painting and decorating business providing comprehensive decorating services throughout Ayrshire, with a reputation for quality, dependable and friendly service at affordable prices. The business draws a high percentage of repeat customers and referrals, and based on the Companies House incorporation date provided, they have been trading for approximately 2 years since March 2024. Evidence suggests the business maintains an active online presence, though specific review information from major platforms such as Google Business Profile or Checkatrade could not be located during this research. A professional website would be the single most compelling investment for Coastal Decor, as most customers find and research local businesses on Google, with Google Search and Google Maps taking first and second positions for trusted local search platforms, enabling them to capture significantly more lead generation and establish stronger online credibility in a competitive trade market.","Facebook: https://www.facebook.com/p/Coastal-Decor-61580803855235/"
"Construction Edge | Swindon","Researched with website","Builder",,,"info@construction-edge.co.uk","03338880022","Swindon",,"https://www.construction-edge.co.uk/","Unknown","z4.zpos","1","Agency-managed",,,,,"ltd",,,"Construction Edge specialises in comprehensive construction services including general building work, painting & decorating, landscaping, plumbing, plastering, electrics, brickwork, extensions, loft conversions and full home renovations across Swindon and the surrounding area. The team has over 35 years of combined experience within the building and construction industry. Reviews from Yell highlight consistently professional workmanship with competitive quotations, budgets respected, and positive feedback describing bathroom renovations as ""OUTSTANDING"" and first-class work. With a strong reputation but a basic website that relies heavily on phone and email contact (with obfuscated email addresses), Construction Edge would significantly benefit from a professional site featuring project portfolio galleries, online quote request forms, and clear service pages that allow prospective customers in the competitive Swindon market to easily verify credentials and submit inquiries without friction.","Imported from Facebook test run dataset_dedup-datasets_2026-04-06_09-45-10-565.json"
"Cotswold Valley Kitchens","Researched with website","Kitchen Fitter",,,"info@cotswoldvalleykitchens.com","01453605604","Stroud","GL5 4SP","https://www.cotswoldvalleykitchens.com","Unknown",,"0","Unknown",,"21",,,"ltd",,,"Cotswold Valley Kitchens is a family-run kitchen company based in Stroud that designs and builds bespoke kitchens across the Cotswolds, working with customers in Gloucestershire, Wiltshire, Bristol and Oxfordshire. The company was co-founded in 2022, making it relatively new, though <ancite index=""9-6"">the founder Rob has 14 years of professional experience in kitchen crafting and installation</cite>, backed by <cite index=""3-7"">over 60 years of combined family craftsmanship</cite>. They are rated 5 stars across every review and maintain strong social proof, with <cite index=""13-6"">100% recommendation on Facebook with 15 reviews</cite>. The most compelling reason they'd benefit from a professional website is their heavy reliance on Facebook as a primary communication channel and their existing website's basic layout—combined with their premium positioning and use of immersive VR technology in design consultations, a strategically optimized website would capture high-intent search traffic from affluent homeowners searching for bespoke kitchen installers across the multi-county region they serve, where local SEO dominance would directly translate to qualified leads.","Imported from Google Maps test run dataset_merge-dedup-transform-datasets-task-google-places_2026-04-06_09-53-23-420.json"
"David Hancock Handyman","Researched with website","Landscaper / Garden Designer",,,"contact@dchancock.co.uk","07759032020","Westbury","BA13 3UW","dchancock.co.uk","Unknown",,"0","Unknown",,"3",,,"ltd",,,"David Hancock Handyman has been operating for over 10 years, offering a wide range of services across Wiltshire and Somerset. After training as a landscaper, he started his own business to provide a more personal and dependable service, and specializes in fencing, porcelain patios, artificial grass installation and interior repainting. Customer reviews highlight his polished finishing work and reputation for honesty and professionalism, though his online presence is currently limited to a basic website (dchancock.co.uk) and Facebook page. Despite strong word-of-mouth credentials and direct client testimonials, the absence of comprehensive review profiles on major platforms like Trustpilot, Rated People, or Google Reviews represents a significant opportunity—a professional website with integrated client reviews and service portfolio galleries would dramatically improve local discoverability and help him compete more visibly against the numerous other handymen in the BA13 postcode area.","Imported from Google Maps test run dataset_merge-dedup-transform-datasets-task-google-places_2026-04-06_09-53-23-420.json"
"Dorset Drainage Solutions","Researched with website","Plumber","Tier 3",,"dorsetdrainagesolutions@gmail.com","07925612387",,,"https://www.dorsetdrainage.co.uk/","Unknown",,"0","Unknown",,"0",,"Unknown","ltd",,,,"Facebook: https://www.facebook.com/DorsetDS/"
"EJB Plumbing & Heating Cheltenham","Researched with website","Gas Engineer / Boiler Installer","Tier 3","Raymond","raymondbrown07@msn.com","07425062919",,,"https://www.ejbheating.com","Unknown","spf.hostns","1","Agency-managed",,"0",,"Unknown","ltd",,,"EJB Plumbing & Heating Limited (SC379756) specialises in plumbing, heat and air-conditioning installation and has been incorporated since 4 June 2010, giving them 16 years of trading history. The company is a Gas Safe registered plumbing firm offering a wide range of services from repairs to new system installations, providing free advice on heating system upgrades and efficiency improvements. Led by Raymond, the business is highly praised for responsiveness, professionalism, and efficiency; customers appreciate their ability to accommodate short notice requests, deliver high-quality work with excellent aftercare, and their friendly, knowledgeable, reasonably priced service. The single most compelling reason EJB would benefit from a professional website is to capture online visibility in an increasingly digital market—their current online presence appears limited despite having an active Facebook page with 162 likes and a basic contact page, meaning a modern website could significantly enhance their ability to generate local leads and compete with better-optimized competitors in the plumbing and heating sector.","Facebook: https://www.facebook.com/p/EJB-Plumbing-Heating-Cheltenham-61572326920643/"
"Ei Projects Limited","Researched with website","Electrician",,"Mr Brett Edbrook","brett@eiprojects.co.uk",,"Bournemouth","BH11 8LW","https://www.eiprojects.co.uk","Wix","spf.protection","1","Agency-managed",,,,"Corporate - Ltd","ltd","1-5","< £100k","Based on my research, I need to clarify that there appears to be some confusion about Ei Projects Limited. EI Projects is a commercial interior design and fit-out company that manages projects of all sizes from concept to completion across the UK, not primarily an electrician (though electrical installation is listed as their SIC code). The company was incorporated on 2 September 2009, giving them approximately 15 years of trading history. A critical finding is that the company has no reviews on business directories, suggesting minimal online visibility despite operating for over a decade. The most compelling reason they'd benefit from a professional website is to establish credibility and showcase their commercial fit-out portfolio to UK-wide clients—currently they have virtually no searchable online presence despite competing in a specialized sector where portfolio visibility directly influences client acquisition.",
"Evie's Kitchen","Researched with website","Other",,,"info@eviesmac.co.uk","01225857670","Melksham",,"https://evies-kitchen.co.uk","Unknown","spf.filteredmx","1","Agency-managed","98","0",,"Corporate - Ltd","ltd",,,"DATA QUALITY ISSUE — DO NOT OUTREACH. Evie's Kitchen (CH 12317494, eviesmac on Facebook) is a CAFE located at King George V Playing Fields in Melksham, Wiltshire — not a kitchen fitter. It has a fully built website at http://evies-kitchen.co.uk with menu, events, private hire and online ordering via Just Eat. The business has 6,645 Facebook likes, TripAdvisor reviews, and Restaurant Guru listing. It was incorrectly scraped into this pipeline under Trade Category 'Kitchen Fitter'. The Trade Category has been corrected to 'Other', Has Website updated to Yes, and postal outreach suppressed. This record should be manually reviewed and likely removed from the pipeline entirely as it is not a NeoBookworm target.","Facebook: https://www.facebook.com/eviesmac/
Rating: 98"
"Handyman Bristol Near Me","Researched with website","Handyman","Tier 3",,"info@handymannearme.london","07863378934",,,"https://www.handymaninbristol.co.uk/","Unknown",,"0","Unknown","5","21",,"Unknown","ltd",,,"I was unable to find specific information about a business explicitly named ""Handyman Bristol Near Me"" as a registered company. The search results return general handyman services directories for Bristol, UK, and references to various handyman businesses operating in Bristol, but no dedicated business profile for an entity specifically called ""Handyman Bristol Near Me.""

To provide you with an accurate research brief, I would need:

1. The exact business name (as registered)
2. The specific location/postcode if available
3. Any website URL or online business page for this handyman service

Could you provide these details so I can research this specific business and deliver the targeted brief you're looking for?","Google Maps: https://www.google.com/maps/search/?api=1&query=Handyman%20Bristol%20Near%20Me&query_place_id=ChIJpy7JBKmPcUgR7Hz1CJtyKE8"
"Hann Roofing LTD","Researched with website","Roofer","Tier 2",,"hann_roofing@outlook.com","07795255314",,,"https://hannroofing.co.uk/","Unknown","spf.filteredmx","1","Agency-managed","100","0",,"Unknown","ltd",,,"Hann Roofing Ltd is a Bristol-based roofing contractor incorporated April 2023, serving Bristol, Somerset, Portishead, Nailsea, Backwell, and Yate. Services include full roof installations and replacements, repairs, flat roofing, slate roofing, roof windows, roof cleaning, fascias/soffits/guttering, chimney repair, and storm damage. The company has a functioning website at http://hannroofing.co.uk with dedicated service area pages and a gallery section, and an active Checkatrade profile. As a young company (est. 2023) with an existing website, this is a potential upgrade/redesign pitch — the current site shows the hallmarks of a basic early-stage site that could benefit from improved lead generation, review management integration, and portfolio presentation to build credibility in a competitive Bristol roofing market.","Facebook: https://www.facebook.com/p/Hann-Roofing-LTD-100067664288175/
Rating: 100"
"I AM HANDYMAN Aleksandr Miliutin","Researched with website","Handyman",,,"help@iamhandyman.services","07718155884","22 Henley Way","BA11 3HY","https://www.facebook.com/profile.php?id=61555926183958","Unknown",,"0","Unknown",,"5",,"Unknown","ltd",,,"I apologize, but I cannot find specific information about ""I AM HANDYMAN"" operated by Aleksandr Miliutin at 22 Henley Way, BA11 3HY through web search. The business does not appear to have a significant online presence indexed by search engines, review sites, or business directories that I can access.

To provide you with the accurate, specific research brief you've requested, I would need to locate:
- What services they offer
- How long they've been trading
- Customer reviews or online feedback
- Current online visibility

Without verifiable online data, I cannot ethically create a research brief with specific claims about their business. I'd recommend:

1. Checking local UK business directories (Companies House registry)
2. Searching local Westbury/Frome business listings
3. Looking for Google My Business or Facebook presence
4. Reviewing Trustpilot, Yell.com, or MyBuilder UK profiles

If you have direct contact information for the business, they could provide information about their trading history and services themselves.","Google Maps: https://www.google.com/maps/search/?api=1&query=I%20AM%20HANDYMAN%20Aleksandr%20Miliutin&query_place_id=ChIJSdiraPstckgRnhl3w-x3Tmg"
"KS Plumbing","Researched with website","Plumber","Tier 3",,"kylesterry@hotmail.com","07947762469",,,"http://ks-plumbing.co.uk/","Unknown",,"0","Unknown","100","0",,"Unknown","ltd",,,"I'd be happy to help you research KS Plumbing, but I need the location information to find the right business. You mentioned ""KS Plumbing, a Plumber based in , ."" but the location details appear to be missing.

Could you please provide:
- The city and state/province where KS Plumbing is located?

This will help me search for the correct business and provide you with accurate information.","Facebook: https://www.facebook.com/KSterryPlumbing/
Rating: 100"
"Lisa's Painting & Decorating","Researched with website","Painter & Decorator","Tier 2","Lisa","lisaspandd@gmail.com","07772251957","Northampton",,"https://lisaipd.co.uk/","Unknown",,"0","Unknown",,"0",,"Unknown","ltd",,,"Lisa's Painting & Decorating is a female painter and decorator with over 17 years of experience, offering domestic and commercial painting and decorating services. Information on the company's incorporation date was not found in search results, but their Facebook profile shows 100% positive customer ratings and they maintain an active online presence. The business operates as a friendly, reliable and clean decorating service for domestic and commercial properties, prioritizing customer satisfaction and detailed finishes. The most compelling reason they would benefit from a professional website is that their current online visibility relies solely on social media and an outdated website template, limiting their ability to demonstrate their 17 years of expertise, generate qualified leads, and compete effectively with competitors who have more polished digital presences.","Facebook: https://www.facebook.com/LisasPaintingandDecorating/mentions/"
"Little Lou’s cleaning services","Researched with website","Commercial Cleaner",,,"lucybeth32@icloud.com","07494916427",,,"https://lous-little-cleaning-co-ltd.square.site/","Unknown",,"0","Unknown","100","0",,"Unknown","ltd",,,"I'd be happy to help research Little Lou's cleaning services, but I notice the location information appears to be missing from your request. You've written ""based in , ."" without specifying the city and state/country.

Could you please provide the complete location for Little Lou's cleaning services? Once I have that, I can search for their business information and provide you with the specific research brief you're looking for.","Facebook: https://www.facebook.com/littlelouscleanimg/
Rating: 100"
"M G Fox Plastering Ltd | Wincanton","Researched with website","Plasterer","Tier 2",,"mgfoxplastering@gmail.com","07854441645","United Kingdom",,"http://www.foxplastering.uk/","Unknown",,"0","Unknown","100","0",,"Unknown","ltd",,,"M G Fox Plastering Ltd is a Somerset-based family-run plastering company offering a comprehensive range of services including K-Rend rendering, traditional lime work, cement rendering, venetian plastering, damp proofing, internal building, studding, insulation, lime application for heritage properties, floor screeding, and floor levelling. The business has been established since 2017, meaning the company is currently operating for approximately nine years. The company maintains a strong online presence with a 100% recommendation rating from five reviews on their Facebook page and is rated, trusted and verified, though specific Companies House incorporation information for the exact entity ""M G Fox Plastering Ltd"" with the 2026-03-18 date provided could not be verified. The single most compelling reason M G Fox Plastering would benefit from a professional website is that current online visibility is fragmented across third-party platforms (Facebook, Rated People) with limited branded web presence, whereas a dedicated website would centralize their extensive service offerings, showcase their heritage property expertise and warranty offerings, and provide a professional digital storefront for the Somerset market where customers increasingly search for local tradespersons online.","Facebook: https://www.facebook.com/MGFoxplastering/
Rating: 100"
"MG Property Maintenance","Researched with website","Handyman","Tier 3",,"info@mgpropertymaintenance.com","07719388841","7 Moorfields Rd","BA2 2HX","https://mgpropertymaintenance.com/","Unknown","relay.mailchannels","1","Agency-managed",,"0",,"Unknown","ltd",,,"Based on my research, I found a Facebook page for MG Property Maintenance with the phone number +44 7539 657408 that describes them as a Kitchen & Bath Contractor offering ""all your property needs in one place."" While I cannot definitively confirm this is located at 7 Moorfields Rd, BA2 2HX (the Facebook page does not list a specific address), the available information is limited. Here's what I can provide:

RESEARCH BRIEF - MG PROPERTY MAINTENANCE

MG Property Maintenance describes itself as offering ""all your property needs in one place"" and operates as a Kitchen & Bath Contractor, handling property maintenance and home improvement services. The business shows limited public information regarding exact trading history, though registration searches indicate operations as a property maintenance entity. Their Facebook page displays ""100% recommend (6 Reviews)"", suggesting positive customer sentiment, though the sample size is small and may indicate an emerging or newly promoted online presence rather than established market dominance. The most compelling case for a professional website is their current reliance on Facebook and a basic domain (mgpropertymaintenance.net)—without dedicated web presence showcasing project portfolios, service breakdowns, or transparent pricing, they're losing qualified leads to competitors with stronger digital infrastructure in a competitive local market where established Bath handymen actively maintain detailed service listings and review profiles.","Google Maps: https://www.google.com/maps/search/?api=1&query=MG%20Property%20Maintenance&query_place_id=ChIJg7eTCiaBcUgRzitA1TvC2rk"
"Mark Palmer Plumbing & Heating","Researched with website","Plumber",,,"info@markpalmerplumbingandheating.co.uk","07841340254",,,"https://markpalmerplumbingandheating.co.uk/","Unknown","spf.filteredmx","1","Agency-managed",,"51",,,"ltd",,,"I'd be happy to help research Mark Palmer Plumbing & Heating, but I need a bit more information. You mentioned they're based in a location, but the city and state/country appear to be missing from your message. 

Could you please provide:
1. The city where they're based
2. The state or country

Once I have this information, I'll search for their details and create a specific research brief for you.","Imported from Google Maps test run dataset_merge-dedup-transform-datasets-task-google-places_2026-04-06_09-53-23-420.json"
"Masons Electrical | Shaftesbury","Researched with website","Electrician","Tier 3",,"shaunsamways@gmail.com","07549654964","Shaftesbury",,"https://www.masonselectricaluk.com/","Unknown",,"0","Unknown","100","0",,"Unknown","ltd",,,,"Facebook: https://www.facebook.com/masonselectrical1/
Rating: 100"
"McIntosh Builders","Researched with website","Loft Conversion / Extension Builder","Tier 1",,"mcintoshbuildersgloucester@gmail.com","07710475143",,,"https://instagram.com/mcintosh_buildersltd","Unknown","facebookmail.com","1","Agency-managed",,"0",,"Unknown","ltd",,,"McIntosh Builders Limited is a private limited company incorporated on 11 January 2019 and registered at 27 Grasmere Road, Longlevens, Gloucester, GL2 0NQ, operating as a loft conversion and extension builder specializing in residential property improvements. With approximately seven years of trading history since incorporation, the company has been building its market presence in the construction sector. The search results returned primarily US-based builders of the same or similar name rather than specific online reviews or notable social media presence for the UK-registered entity, indicating limited public digital visibility or reviews platform engagement. The most compelling reason McIntosh Builders would benefit from a professional website is to establish credible online presence where potential clients in the Gloucester area can discover their services, view project portfolios, and request quotes, addressing what appears to be a gap in their current digital marketing that competitors actively exploit to capture local residential extension and conversion demand.","Facebook: https://www.facebook.com/McIntoshBuildersLTD/"
"Morris handyman  | Bournemouth","Researched with website","Bathroom Fitter","Tier 1",,"waynemorris050685@gmail.com","07368286329","Bournemouth",,"https://www.thebournemouthplumber.com","Unknown",,"0","Unknown","84","0",,"Unknown","ltd",,,"The search results do not contain any specific information about a ""Morris handyman"" business based in Bournemouth who specializes as a bathroom fitter. The results show various other bathroom fitters and handymen operating in the Bournemouth area, but no listing or profile for a Morris handyman service. I cannot find the specific business incorporation date, owner information, reviews, or online presence details for this particular trader. Without access to Companies House records or the specific business profile you mentioned, I cannot complete the research brief as requested.","Facebook: https://www.facebook.com/people/Morris-handyman/61567636024759/
Rating: 84"
"NH Building and Carpentry Ltd","Researched with website","Carpenter / Joiner","Tier 2",,"nhbuildingandcarpentry@outlook.com","07860536797",,,"https://www.nhbuildingandcarpentry.com/","Unknown","protectedservice.net","1","Agency-managed",,"0",,"Unknown","not_found",,,"NH Building and Carpentry Ltd has been trading since 31 August 2016, approximately 10 years, and offers services including kitchens, bathrooms, extensions, garage conversions, carpentry work and refurbishments across both commercial and domestic sectors. The company boasts a perfect 10.0/10 rating from 80 reviews on Checkatrade, with customers consistently praising their punctuality, attention to detail, and quality of workmanship. Despite strong market presence and exceptional reviews across platforms like Checkatrade and construction directories, the company would significantly benefit from a professional website as a primary client acquisition channel, since online search and portfolio visibility remain critical for converting local prospects into paid projects in the competitive Buckinghamshire carpentry market.","Facebook: https://www.facebook.com/NHBuildingandcarpentry/"
"Noad Roofing Bath | Bath","Researched with website","Roofer","Tier 2",,"roofing@noadroofing.co.uk","01225941949","Bath","BA2 4LE","https://www.instagram.com/noadroofing/","Unknown","facebookmail.com","1","Agency-managed",,"0",,"Unknown","ltd",,,"Noad Roofing Bath specializes in tile & slate roofs, flat roofs, leadwork, gutter/fascia/soffit services, chimney restoration, and Velux windows. The Noads are a local Bath-based family who have been trading in construction since the 1920s, though their current limited company was incorporated in 2017. On Birdeye, Noad Roofing Limited has a 4.9 star rating with 177 reviews, with customer feedback consistently highlighting professional workmanship, responsive communication, and honest advice—though notably, the What's On In Bath directory listing shows there are no reviews yet, indicating fragmented online presence across platforms. The most compelling reason for a professional website is to consolidate their strong offline reputation and extensive positive reviews into a single authoritative digital hub that would help potential customers easily verify their heritage, track record, service range, and testimonials in one place, rather than hunting across multiple directories and platforms.","Facebook: https://www.facebook.com/WNoadRoofingAndGuttering/"
"Oaksmith Building | Hucclecote","Researched with website","Loft Conversion / Extension Builder","Tier 1",,"oaksmithbuilding@gmail.com","07711953827","Hucclecote","GL3 3HG","https://www.oaksmithbuilding.co.uk/","Squarespace",,"0","Self-built","88","0",,"Unknown","ltd",,,"Oaksmith Building Ltd is run by founder Luke, a qualified carpenter who has managed numerous extensions, renovations and loft conversions, specialising in domestic building projects. The company was incorporated on 26 June 2023, establishing itself relatively recently in the Gloucestershire construction market. Their Facebook presence shows minimal engagement with only three reviews and no rating yet, which represents a notable gap in their online visibility and customer feedback mechanisms despite operating their own website. The single most compelling reason Oaksmith Building would benefit from a professional website is to build credibility and capture online leads—most local homeowners searching for loft conversion and extension builders rely on professional web presence, reviews, and portfolio visibility to evaluate and select contractors, and their current digital presence lacks the polish and comprehensive information needed to compete effectively with established local competitors.","Facebook: https://www.facebook.com/oaksmithbuilding/
Rating: 88"
"Oxford Building Contractors LTD","Researched with website","Loft Conversion / Extension Builder","Tier 1","James","info@obc-ltd.co.uk","07470423479",,,"https://www.obc-ltd.co.uk/","Squarespace","secureserver.net","1","Agency-managed",,"0",,"Unknown","ltd",,,"Oxford Building Contractors LTD specializes in extensions, loft conversions, renovations, new builds, groundworks, masonry, commercial work, and garage conversions across Oxfordshire. The company was incorporated on 7 November 2022, though they claim over 10 years of experience. While specific review data for this firm is limited in available sources, the company is described as a highly trusted building contractor based in Oxfordshire. The most compelling reason they would benefit from a professional website is their comprehensive service range spanning multiple property types and renovation categories—a professional online presence would enable them to showcase this breadth clearly and capture leads from homeowners searching for specific services like loft conversions and extensions in the competitive Oxfordshire market.","Facebook: https://www.facebook.com/MMbrickworkLTD/"
"RB Joinery","Researched with website","Carpenter / Joiner","Tier 2",,"robbarton40@hotmail.com","07870423688",,,"https://www.rbjoinery.co.uk","Unknown",,"0","Unknown",,"0",,"Unknown","ltd",,,"RB Joinery, led by experienced joiner Robert Berry, creates bespoke wooden furniture including wardrobes and kitchen units, and specialises in fitting and restoring solid wood flooring alongside general carpentry services from their Fulham workshop. The business has been operating for approximately one year, having only recently incorporated in April 2025, though the proprietor has broader industry experience. Customer reviews praise the craftsmanship as excellent with second-to-none finishes, describing Rob as a consummate professional throughout projects. The company is known for high-quality craftsmanship and excellent customer care, with many new clients referred through recommendations, making a professional website essential to convert this strong word-of-mouth reputation into organic online visibility and capture leads from clients searching for joinery services in the local London area.","Facebook: https://www.facebook.com/RBJoinery86/mentions/"
"RW Handyman Services","Researched with website","Handyman",,,"rwhandymanservicesboa@gmail.com","07902762473",,,"https://rw-handymanservices.square.site/","Unknown",,"0","Unknown",,"0",,"Unknown","ltd",,,"I apologize, but I cannot complete this research brief as requested. The original query included location placeholders (""a Handyman based in , ."") with no specific location provided. There are multiple RW Handyman Services businesses operating in different cities (San Diego, Pekin/Peoria IL, Seattle, Crystal Lake IL, and others), making it impossible to identify which specific business you want researched without that information.

To provide an accurate 3-4 sentence brief with specific details, please clarify:
- Which city/state is the RW Handyman Services you're interested in?

Once you provide the location, I can deliver a targeted research brief covering their services, trading history, review signals, and website needs.","Facebook: https://www.facebook.com/rwhandymanservice/"
"Reeve Electrical Services | Swindon","Researched with website","Electrician","Tier 3",,"info@reeve-electrical.co.uk","07808025101","Swindon",,"https://reeve-electrical.co.uk/","Unknown",,"0","Unknown","100","0",,"Unknown","ltd",,,"I was unable to locate a business called ""Reeve Electrical Services"" (singular) based in Swindon, UK with the incorporation date provided. The search results consistently returned ""Reeves Electrical Services"" (plural) based in Gillingham, Kent, which was incorporated in 2014, not 2024. There is also evidence of a Reeves Electrical Services proprietor named Howard operating in the UK providing EV charger installation services with strong Trustpilot reviews, but the registered address appears to be different from Swindon. Without being able to verify the specific business details you've requested, I cannot provide an accurate research brief.","Facebook: https://www.facebook.com/ReeveElectrical/
Rating: 100"
"SB Plumbing & Heating","Researched with website","Plumber","Tier 3",,"sbplumbingheating@yahoo.com","07594313762",,,"https://www.plumberinshrewsbury.co.uk","Unknown",,"0","Unknown","100","0",,"Unknown","ltd",,,"S.B. Plumbing & Heating Ltd (company number 14097556) was incorporated on 10 May 2022 and is an active private limited company registered at Staffordshire Knot, Pinfold Street, Wednesbury, West Midlands. The company operates from 14 Rydal Avenue, Shrewsbury and specializes in plumbing and heating installation services. The business has been trading for approximately four years since its incorporation. Online reviews highlight excellent workmanship combined with honest advice, with the company known for efficient plumbing and heating solutions and a strong reputation for customer satisfaction. A professional website would be compelling because the company currently does not offer online scheduling for appointments and customers must contact them directly to arrange services, presenting an opportunity to streamline customer acquisition and improve accessibility in an increasingly digital marketplace.","Facebook: https://www.facebook.com/sbplumbingheatingbridgwater/
Rating: 100"
"SD Property maintenance","Researched with website","Plasterer","Tier 2","Spencer","sdpm26@hotmail.com","07568785515",,,"https://www.sdmaintenanceandbuild.co.uk","Unknown",,"0","Unknown",,"0",,"Unknown","ltd",,,"SD Property Maintenance specializes in professional plastering services including internal and external rendering, plasterboard installation, skimming, and plaster repairs for both residential and commercial properties. The company, registered as a private limited company, was incorporated on 3 May 2017, giving it approximately nine years of trading experience. The business is run by Spencer, and information regarding online reviews or social media presence specific to this Companies House entity is limited in available search results. A professional website showcasing plastering services would help them establish credibility with residential and commercial clients seeking quality craftmanship.","Facebook: https://www.facebook.com/people/SD-Property-maintenance/61574991271414/"
"SSB Electrical | Bath","Researched with website","Electrician","Tier 3",,"ssb.elec21@gmail.com","07427625390","Bath","BA1 6PD","https://tradehq.co.uk/ssbelectrical","Unknown",,"0","Unknown",,"0",,"Unknown","ltd",,,"Based on my research, here's the brief on SSB Electrical | Bath, BA1 6PD:

SSB Electrical provides residential electrical services including system updates and renovations, comprehensive maintenance, and repair services. While the exact founding date is not publicly available, the business is ranked #3 among electricians in Bath with a 4.9-star rating from 38 reviews, suggesting established credibility. Customer reviews consistently highlight the owner Sam's professional, efficient, and meticulous approach, with reviewers praising his ability to quickly diagnose and resolve electrical issues, tidy workmanship, and pleasant demeanor. The most compelling reason SSB Electrical would benefit from a professional website is that current contact methods rely on an enquiry form, email, and phone calls—a dedicated professional website would establish credibility independently from review platforms, showcase before/after project galleries, provide detailed service information, and create a direct channel for customer acquisition that doesn't depend on third-party directories.","Facebook: https://www.facebook.com/p/SSB-Electrical-100090770004509/"
"Sparx electricians","Researched with website","Electrician",,,"info@sparxelectricians.co.uk","07843380728","Dilton Marsh",,"https://sparxelectricians.co.uk/","Unknown",,"0","Unknown",,"0",,"Unknown","ltd",,,"Based on my research, here's the brief:

Sparx Electricians is a fully qualified electrician with 20 years experience, offering services from light fitting changes to full rewires, plus Part P registration and CCTV installations. The business maintains a 100% recommendation rating with 7 reviews, indicating strong customer satisfaction reflected in their online presence. However, their digital footprint is limited almost entirely to a Facebook page with no independent website—a notable gap that undermines credibility for local customers conducting web searches and prevents them from ranking in Google results alongside competitors, directly limiting their ability to generate new business inquiries from the broader Dilton Marsh market.","Facebook: https://www.facebook.com/dilton41westbury/
Rating: 100"
"Summit Cleaning | Cheltenham","Researched with website","Commercial Cleaner","Tier 3","Luke","summit-cleaning@outlook.com","07825109107","Cheltenham",,"https://summitclean.co.uk/","Unknown",,"0","Unknown","100","0",,"Unknown","ltd",,,"Based on my research, I found Summit Cleaning in Prestbury, Cheltenham, which provides domestic and commercial window cleaning with 4 Facebook reviews. However, I cannot find reliable information about the specific incorporation date you mentioned (2023-07-21) matching this business in Companies House records. The Facebook page shows a reference to ""Luke"" as the operator. I was unable to find a dedicated professional website, Google Business Profile with verified reviews, or detailed online presence beyond the Facebook page. Without access to current website content, comprehensive review data, or verified proprietor information from official business sources, I cannot provide the complete 3-4 sentence research brief as requested. The business appears to operate primarily through Facebook with limited digital infrastructure, which ironically would be the primary reason they would benefit from a professional website—to establish credibility, capture local search visibility, and provide a dedicated platform for quotes and service information beyond social media.","Facebook: https://www.facebook.com/p/Summit-Cleaning-61550846852167/
Rating: 100"
"T.E roofing","Researched with website","Roofer","Tier 2",,"teroofingservices@gmail.com","07470458191","https://www.bing.com/maps/default.aspx?v=2&pc=FACEBK&mid=8100&FORM=FBKPL1&mkt=en-US",,"https://www.tecontractors.co.uk/","Unknown","spf.hosts","1","Agency-managed","100","0",,"Unknown","ltd",,,"I was unable to find specific information about ""T.E roofing"" based in the UK via the Bing Maps location you referenced. My searches returned results for a US-based company (T & E Roofing in Florida) and general roofing industry information, but no verified business matching your description. Without access to current details about this specific company—including their Companies House incorporation date, online reviews, social media presence, or website information—I cannot accurately compile the research brief you requested. To proceed, I would need either a direct company website, a Companies House registration number, or confirmation of their location and full business name.","Facebook: https://www.facebook.com/p/TE-roofing-100069020777687/
Rating: 100"
"TJH Electrical","Researched with website","Electrician","Tier 3",,"enquiries@tjhelectrical.com","07544541639",,,"https://www.tjhelectrical.com","Unknown","secureserver.net","1","Agency-managed",,"0",,"Unknown","ltd",,,"TJH Electrical is a Cotswold-based electrical engineering firm specializing in comprehensive electrical testing, containment, telecoms power supplies, data cabling, and LED lighting upgrades across domestic, commercial, and industrial sectors. The business has published 2 reviews on Facebook and operates across commercial, domestic, and industrial applications, and based on the Companies House incorporation date of 2023-02-24, TJH Electrical has been trading for approximately three years. Their online presence remains limited despite having an active website; Facebook shows just 198 likes and only 2 reviews, indicating minimal social media engagement and customer feedback visibility. The company maintains a professional website highlighting their skilled team of electrical engineers, yet would significantly benefit from a professional website redesign to enhance their digital credibility and search engine visibility—a critical competitive advantage in the electrical services market where customers frequently research tradespeople online before making hiring decisions.","Facebook: https://www.facebook.com/enquiries.TJH.Electrical/"
"TP Heating Services","Researched with website","Gas Engineer / Boiler Installer","Tier 3",,"info@tpheatingservices.co.uk","07501154677",,,"https://tpheat.co.uk/","Unknown","spf.stackmail","1","Agency-managed","100","0",,"Unknown","ltd",,,"I'd be happy to help research TP Heating Services, but I need a bit more information. You've indicated they're based in a location, but the location details appear to be missing from your message (I see "", ."" without a city or region).

Could you please provide:
1. The city and/or region where TP Heating Services is based?

Once you provide the location, I'll search for specific information about them and write the research brief you've requested.","Facebook: https://www.facebook.com/tpheating/
Rating: 100"
"The Loft Conversion Company (RDG)","Researched with website","Other",,,"info@loftconversion-company.co.uk","01189453469",,,"https://www.loftconversionco.co.uk/","Unknown","spf.promoteukltd","1","Agency-managed",,,,,"ltd",,,"The Loft Conversion Company (RDG), based in Reading, Berkshire, has been creating loft conversions in Reading, Bracknell and surrounding areas since 1990. They offer comprehensive services from planning and design through installation of dormer or Velux windows, handling all work in-house. The company maintains a 5-star rating on Bark, indicating strong customer satisfaction, though their online presence appears limited—with minimal social media engagement (112 Facebook likes) and an underdeveloped LinkedIn profile (2 followers), suggesting they're underexposed relative to their 30+ years of experience and Federation of Master Builders credentials. A professional, SEO-optimized website would capture the high-intent search traffic from homeowners in their region actively seeking loft conversion services, converting their established reputation into more qualified leads than their current scattered online listings achieve.","Imported from Google Maps test run dataset_merge-dedup-transform-datasets-task-google-places_2026-04-06_09-53-23-420.json"
"Total Plastering","Researched with website","Plasterer","Tier 2",,"total.plastering2024@gmail.com","07890547016",,,"https://www.total-plastering.co.uk","Unknown",,"0","Unknown","100","0",,"Unknown","ltd",,,"Total Plastering is a home improvements company based in Braintree, Essex that specialises in all plastering services, covering plastering, rendering and tiling services across Essex and Greater London. The company was incorporated on 30 April 2024, making it a newly established business that has been trading for approximately two years. Customer reviews highlight efficient, professional work, with consistent praise for timeliness, attention to detail, and strong customer satisfaction, though there is no available information on how Total Plastering manages customer reviews or whether the company actively engages with feedback. A professional website would significantly benefit Total Plastering by formalizing its online presence beyond social media and review platforms, enabling potential customers to easily verify credentials, view a comprehensive portfolio of work, and consolidate contact information in one authoritative location—particularly important for a newly registered company building market credibility.","Facebook: https://www.facebook.com/snjplastering/
Rating: 100"
"Trinity Decorators | Bristol","Researched with website","Painter & Decorator","Tier 2",,"tobagodolpin@yahoo.com","07880894837","Bristol","BS5 0XD","https://trinitydecorators.co.uk/","Unknown",,"0","Unknown",,"0",,"Unknown","ltd",,,"Based on the research findings, here is a 3–4 sentence research brief:

Trinity Decorators is a Bristol-based team providing painting, decorating, wallpapering, and refurbishment services with 15 years of industry experience. The business has partnered with contractors throughout Bristol and the southwest, offering high-quality painting, floor laying, sash window repair, and specialty services. They hold a 4.8 rating based on 12 reviews on MyJobQuote, with a recent December 2025 testimonial praising the owner Jerry for going above and beyond, and have been registered on that platform as a member since January 2019. Despite having an established website and strong reviews on multiple platforms, Trinity Decorators' online presence remains fragmented across third-party directories and social media rather than a unified, search-engine-optimised hub—this consolidation would directly capture more local leads from homeowners actively searching for ""painter decorator Bristol"" who currently discover competitors more readily.","Facebook: https://www.facebook.com/trinidecorators/"
"Trowbridge Office Cleaning Services Ltd","Researched with website","Commercial Cleaner",,,"info@tocscleaningservices.co.uk","01179635260","Bristol","BS4 5QH","www.cleaning-services-uk.co.uk","Unknown","spf.hostns","1","Agency-managed","5","1",,"Unknown","ltd",,,"Based on my research, here is the brief:

Trowbridge Office Cleaning Services Ltd is a commercial cleaning company offering a range of cleaning services for offices and other workplaces, employing 10-19 people with £1-5M revenue. The company was incorporated on 15 August 1990, giving it over 35 years of trading history. The most critical business signal is a complete absence of online reviews—there are no reviews on Yell and no reviews on Bristol.org.uk, which is a significant liability in competitive service sectors where buyers rely heavily on reputation verification. A professional website featuring testimonials, case studies, and documented service capabilities would directly address this trust gap, enabling the company to establish credibility with prospective clients who currently cannot find social proof online beyond fragmented business directory listings.","Google Maps: https://www.google.com/maps/search/?api=1&query=Trowbridge%20Office%20Cleaning%20Services%20Ltd&query_place_id=ChIJBUfDpByPcUgRjSliF9IH6dk"
"Vision Flor Limited","Researched with website","Other",,"Mr Mark Fisher","mark@visionflor.co.uk",,"Bristol","BS37 6NB","https://www.visionflor.co.uk","Unknown","spf.protection","1","Agency-managed",,,,"Corporate - Ltd","ltd","1-5","< £100k","Vision Flor Limited is a private limited company incorporated on 10 February 2011, making them 15 years established in the flooring sector. They provide flooring services including laminate floor fitting, floor coverings, floor tiling, vinyl flooring, resin flooring, carpet fitting, and floor restoration, serving construction, hotels, local authority, insurance companies, property maintenance, sports clubs, nursing homes and private residences on a national basis. Their online presence is scattered—while they maintain an existing website and modest Facebook following, review platforms like Cylex show they have zero reviews, creating a credibility gap compared to competitors despite positive testimonials visible on their own site. The most compelling reason for a professional website rebuild is to consolidate their national B2B client base: they currently lack visible case studies, project galleries, accreditation badges (though they maintain CHAS accreditation), and professional portfolio evidence that would justify premium pricing and win over facility managers, property companies, and contractors who rely on visual proof of commercial flooring work quality.","SIC: 43330 Floor and wall covering"
"Westside Builders & Decorators","Researched with website","Builder",,,"westside_builders@yahoo.co.uk","01373825090","Westbury","BA13 4LP","https://www.westsidebuilders.co.uk/","Unknown",,"0","Unknown",,,,,"ltd",,,"Based on my research, here is the brief on Westside Builders & Decorators:

Westside Builders & Decorators offer a comprehensive building service including full or soft property renovation projects, alongside painting & decorating, electrical, and plumbing work. No specific trading history could be located, though their website indicates established local operations in Westbury. Client testimonials emphasize consistent quality—one client praised ""professional and timely manner"" communication while another client committed to return business and referred them to others. The most compelling opportunity for a professional website upgrade is that their current listing has been marked with no reviews on multiple platforms and an invitation to ""be the first to write a review,"" indicating a significant gap in their online visibility and review presence, which a properly-built website with integrated reviews and portfolio could address by allowing them to systematically collect and display client testimonials that validate their strong service reputation.","Imported from Google Maps test run dataset_merge-dedup-transform-datasets-task-google-places_2026-04-06_09-53-23-420.json"
"White Walls PDC","Researched with website","Painter & Decorator","Tier 2",,"white_walls_pdc@hotmail.com","07915251092",,,"http://www.instagram.com/white_walls_PDC","Unknown","facebookmail.com","1","Agency-managed","100","0",,"Unknown","ltd",,,"Perfect! Now I have the information I need. Let me compile a research brief based on what I found.

---

White Walls PDC is a painting and decorating business offering to transform homes and businesses into bright white modern spaces as well as bringing a splash of colour, operating from Bath and covering the Bristol area. The business has been a member since October 2023, making it relatively new—approximately 2.5 years into operation. On MyJobQuote they maintain a 4.8 rating based on 6 reviews, with recent feedback like ""worked hard completed in 2 days"" (Nov 2025), though their limited review volume suggests they're still building their track record. The most compelling reason for a professional website is their heavy reliance on third-party platforms (MyBuilder, MyJobQuote, Facebook)—they currently direct inquiries through email and direct messaging only, with no dedicated online presence to control their brand narrative or capture organic search traffic in their competitive local market where established competitors have stronger digital footing.","Facebook: https://www.facebook.com/whitewallsPDC/
Rating: 100"
"White’s carpentry | Weymouth","Researched with website","Carpenter / Joiner","Tier 2","Andrew","carpentry.whites@gmail.com","07379809589","Weymouth",,"https://www.whitescarpentry.uk/","Unknown",,"0","Unknown","100","0",,"Unknown","ltd",,,"White's Carpentry offers all services from bespoke furniture and joinery to renovations, with a high focus on quality and a big attention to detail, covering all aspects of carpentry and joinery from home maintenance, bespoke kitchens and complete property renovations. The company was incorporated on 15 May 2007. Customer reviews praise the business for being ""efficient, polite, friendly and extremely capable,"" noting excellent timekeeping and communication, with particular mention of Andrew and his team transforming a ground floor with bespoke joinery and fitted flooring to a high standard. A professional website would significantly benefit White's Carpentry by establishing an authoritative online presence and credibility, as their current digital footprint relies primarily on social media and word-of-mouth with minimal search engine visibility to capture new customers seeking carpentry and joinery services in the Weymouth area.","Facebook: https://www.facebook.com/carpentry.whites/
Rating: 100"
"Wynns Plumbing and Heating  | Bicester","Researched with website","Plumber","Tier 3",,"info@wynnsplumbingandheating.com","07799037266","Bicester",,"https://www.wynnspandh.co.uk","Unknown",,"0","Unknown",,"0",,"Unknown","ltd",,,"Wynn's Plumbing & Heating offers reliable, high-quality plumbing, heating, and bathroom services across Oxfordshire and Buckinghamshire as a family-run business, with specialities in boiler installations, radiator systems, drain cleaning, and water heater services. The incorporation date provided (2026-01-26) indicates very recent business establishment. Recent customer reviews on MyBuilder dated April 2025 highlight family-owned and operated status with extensive experience in plumbing, heating, and bathrooms, though specific owner or proprietor name could not be verified from available online sources. A professional website would provide significant value by establishing an independent online presence separate from third-party directories like MyBuilder, creating greater visibility for local searches and enabling direct lead capture rather than relying on platform-dependent listings.","Facebook: https://www.facebook.com/p/Wynns-Plumbing-and-Heating-61574483576004/"
